text;created_at;source
"Gurizada saca s√≥ essa iniciativa de uma empresa em SP eles est√£o oferecendo curso de Flutter gr√°tis, presencial e EAD.

https://t.co/0S80Ok7wlG https://t.co/HQ9bBHZ0az";2022-05-30 20:58:14+00:00;Instagram
RT @internetlegal: UE vai dar mais poder √† Europol (e os nossos dados v√£o estar √† disposi√ß√£o) https://t.co/a8E4BLknpI;2022-05-30 20:58:07+00:00;Twitter for Android
RT @pipacomunicacao: Tecnologia 3D revela o maior reposit√≥rio de arte rupestre da Am√©rica do Norte em caverna nos EUA. Via @hypeness https:‚Ä¶;2022-05-30 20:57:57+00:00;Twitter for iPhone
"mo√ßo n√£o precisa mais ouvir sua m√∫sica ALTA pro vag√£o todo saber que seu celular tem SOM 

te apresento a mais nova tecnologia

FONE DE OUVIDO 

voc√™ coloca no OUVIDO e a m√∫sica sai do MESMO jeito üò®üò®üò±üò±üò±";2022-05-30 20:57:54+00:00;Twitter for iPhone
"RT @todasasletras_: J√° pensou uma comunidade s√≥ com pessoas LGBTQIA+ em Tecnologia?
Isso j√° √© realidade!

Quer fazer networking e, al√©m dis‚Ä¶";2022-05-30 20:57:15+00:00;Twitter Web App
Comiss√£o de Desenvolvimento Econ√¥mico discute situa√ß√£o do financiamento √† ci√™ncia e tecnologia ‚Äì¬†Not√≠cias https://t.co/enQa76mUmf;2022-05-30 20:56:16+00:00;WordPress.com
"@LPAULOcp @flaviogomes69 Tu disse que hoje √© mais dif√≠cil pq os carros s√£o mais r√°pidos.

Mas n coloca, toda uma tecnologia a favor do piloto de hoje q em outrora n tinha.";2022-05-30 20:56:13+00:00;Twitter Web App
"'Internet qu√¢ntica' vem a√≠: f√≠sicos rompem fronteira com teletransporte de dados; entenda | Tecnologia | O Globo https://t.co/oiCMhws41M";2022-05-30 20:56:01+00:00;Twitter Web App
tecnologia cada vez mais alcan√ßando novos horizontes;2022-05-30 20:55:20+00:00;Twitter for iPhone
RT @etiene_d: Guardem isso: tecnologia pode mudar muita coisa mas n√£o muda a natureza humana.;2022-05-30 20:54:59+00:00;Twitter Web App
@evrlarck nem pra cantada nem pr tecnologia;2022-05-30 20:54:41+00:00;Twitter for iPhone
RT @Terra: A grande oferta de vagas na √°rea de tecnologia transformou-se em oportunidade para moradores do Morro dos Prazeres e do Complexo‚Ä¶;2022-05-30 20:54:35+00:00;TweetDeck
"RT @olhaogab: Galerinha eu tenho criado nos √∫ltimos meses conte√∫dos de tecnologia e games l√° no tecoteco e to quase pegando 80k

Descobri q‚Ä¶";2022-05-30 20:54:09+00:00;Twitter Web App
@Emiliogarofalon Cosmovis√£o crist√£ e tecnologia;2022-05-30 20:54:07+00:00;Twitter for iPhone
"RT @isabeelbrito: VAGA PRA ESTAGI√ÅRIO 

ADMINISTRA√á√ÉO OU CI√äNCIAS CONT√ÅBEIS 

Requisitos: comprometimento; facilidade em se comunicar; conh‚Ä¶";2022-05-30 20:54:02+00:00;Twitter for Android
Odeio ser uma pessoa burra pra tecnologia, tem coisas que eu simplesmente desconhe√ßo como se faz, a;2022-05-30 20:53:35+00:00;Twitter Web App
@olicantropo Eu poderia imaginar quaisquer pessoa dizendo que gosta de tecnologia e f√£ da Apple, mas de voc√™ eu realmente estou surpreendido. üò≥;2022-05-30 20:53:21+00:00;Twitter for iPhone
"O Jogo da Velha‚Ää‚Äî‚ÄäPraticando estrutura de dados com a linguagem C# https://t.co/fFFvqKJrKZ

C# √© uma das linguagens mais solicitadas no mercado de tecnologia hoje. Se voc√™ est√° buscando aprender uma nova linguagem ou praticar‚Ä¶

Continue reading on Medium ¬ª";2022-05-30 20:53:10+00:00;IFTTT
"RT @SigaGazetaBR: Anatel diz que Elon Musk est√° ‚Äòinteressado‚Äô em ofertar internet em voos no Brasil 

https://t.co/guT9lmQoGL";2022-05-30 20:53:08+00:00;Twitter for iPhone
"Tempestade de meteoros pode ser vista em RO na madrugada desta ter√ßa

Siga-nos e fique sempre informado

#tecnologia #tecnol√≥gia #tecnolog√≠a #tecnologia

https://t.co/oVhmYBnsK1";2022-05-30 20:53:03+00:00;tidomundo_app
UE vai dar mais poder √† Europol (e os nossos dados v√£o estar √† disposi√ß√£o) https://t.co/a8E4BLknpI;2022-05-30 20:52:50+00:00;Twitter Web App
@FelipeSalto @marina_helou Oi @FelipeSalto @governosp @Prodesp Use tecnologia para poupar verbas do governo. A maioria das Secretarias n√£o possuem ferramentas adequadas e sistemas digitais para Gest√£o de recursos e pessoas nas rotinas internas e externas. Ajude @TOTVS @Oracle @IBM #G1 #BDSP #ai #i #band https://t.co/2pF3jLPYSx;2022-05-30 20:52:50+00:00;Twitter for Android
"esse negocio do google que mostra quando vai chegar o √¥nibus funciona at√© com o infernal 7181, e ainda mostra se o busao ta lotado ou nao.

√© mt impressionante a tecnologia";2022-05-30 20:52:37+00:00;Twitter for Android
A tecnologia Thread na esta√ß√£o meteorol√≥gica - Eve Weather! Quais as vantagens sobre o zigbee e todas as funcionalidades deste dispositivo para a tua Smart Home Apple. Sabe tudo em https://t.co/53EpncEOLI https://t.co/iv0eodbBLH;2022-05-30 20:52:37+00:00;Instagram
@victorhmunizf Sim, eu sou um grande f√£ de tecnologia, eu trabalho com isso. N√£o tinha nem como n√£o amar. Mas mais do que f√£ de tecnologia, eu sou extremamente f√£ da Apple como empresa.;2022-05-30 20:52:18+00:00;Twitter for iPhone
Turma 33, rumo a tecnologia! https://t.co/gZUxD6d5Pz;2022-05-30 20:52:16+00:00;Twitter for Android
"https://t.co/TaGyoDGhaP

Empresa tem sede em Mari√°polis, atente toda a regi√£o e sai na frente com mais inova√ß√£o. 

#EnergiaFotovoltaica #CarroEl√©trico #Inova√ß√£o #Tecnologia #Neg√≥cios #Mari√°polis #SigaMais";2022-05-30 20:52:06+00:00;Twitter Web App
RT @etiene_d: Guardem isso: tecnologia pode mudar muita coisa mas n√£o muda a natureza humana.;2022-05-30 20:52:06+00:00;Twitter for Android
@satansanto A tecnologia opressiva anti-banheir√£o;2022-05-30 20:51:44+00:00;Twitter Web App
RT @jairbolsonaro: -Conversei h√° pouco com @elonmusk , que visita o Brasil a convite do Ministro @fabiofaria . Entre outros assuntos, trata‚Ä¶;2022-05-30 20:51:35+00:00;Twitter for Android
"@heyArtur @pedgames_ sim, verde √© uma cor muito ligada a ""tecnologia"", n√©? principalmente depois de matrix.
Mas nesse caso acho que era majoritariamente preta com detalhes em verde, n√© @pedgames_?";2022-05-30 20:51:20+00:00;Twitter Web App
"@victorsarro @Bradesco √â por seguran√ßa. Inclusive um item b√°sico de seguran√ßa na tecnologia financeira. 
O token √© por dispositivo celular, portanto √© √∫nico. Outras transa√ß√µes sem aquela unicidade do seu token ser√£o negadas pelo banco.
√â a luta contra os hackers que impacta na usabilidade do cliente.";2022-05-30 20:51:14+00:00;Twitter Web App
@jairbolsonaro Se o nosso Brasil investisse em tecnologia em vez de s√≥ viver do agroneg√≥cios, a tecnologia e a ci√™ncia encontrariam pot√°ssio no Brasil e n√£o estar√≠amos a merecer de um pa√≠s ditador que e a R√∫ssia.;2022-05-30 20:51:04+00:00;Twitter for iPad
"#Solar e #e√≥lica | Brasil se destaca em seguran√ßa energ√©tica, segundo Paulo Alvim. Ministro da Ci√™ncia, Tecnologia e Inova√ß√µes, Paulo Alvim, participou de evento e tratou sobre quest√µes sobre energia renov√°vel para o futuro.

https://t.co/uGBEpzlTiJ";2022-05-30 20:50:40+00:00;Twitter Web App
"RT @isabeelbrito: VAGA PRA ESTAGI√ÅRIO 

ADMINISTRA√á√ÉO OU CI√äNCIAS CONT√ÅBEIS 

Requisitos: comprometimento; facilidade em se comunicar; conh‚Ä¶";2022-05-30 20:50:23+00:00;Twitter for Android
"Intelig√™ncia artificial aplicada em exames de imagem de c√¢ncer de mama ajudam no diagn√≥stico precoce da doen√ßa.

Confira o texto completo!

#saude #tecnologia #cancer #cancerdemama #inteligenciaartificial 

https://t.co/3W4U1U55TE";2022-05-30 20:50:23+00:00;Twitter Web App
O menino s√≥ ta rindo das desaven√ßas dele com a tecnologia mds gente voc√™s s√£o amargurados https://t.co/eRgYzbaECc;2022-05-30 20:49:49+00:00;Twitter for Android
@rodrigogarcia_ Oi @rodrigogarcia_ @governosp @Prodesp Use tecnologia para poupar verbas do governo. A maioria das Secretarias n√£o possuem ferramentas adequadas e sistemas digitais para Gest√£o de recursos e pessoas nas rotinas internas e externas. Ajude @TOTVS @Oracle @IBM #G1 #BDSP #ai #i #band https://t.co/C4DZhgG3hI;2022-05-30 20:49:37+00:00;Twitter for Android
"@lucasdelimarosa ol√°. 

O Cart√£o Digital utiliza a tecnologia NFC, comumente utilizada para pagamentos. Para que esse sistema funcione, √© necess√°rio que exista NFC n√£o somente em seu smartphone, como tamb√©m nos validadores, mas nem todos possuem essa tecnologia. +";2022-05-30 20:49:32+00:00;App HugMe
RT @editoranewpop: Em 2008, a Ag√™ncia de Ci√™ncia e Tecnologia do Jap√£o estimou que para produzir o Mazinger Z na vida real, isso custaria,‚Ä¶;2022-05-30 20:49:30+00:00;Twitter for Android
@SelphieAhri @lissadev_ @dii_lua @feminis_tech Show!!! Isso √© uma coisa que sempre achei demais, a √°rea de tecnologia tem muitos caminhos diferentes e igualmente legais pra seguir e a galera acha que √© s√≥ programa√ß√£o;2022-05-30 20:49:21+00:00;Twitter for Android
"Um desafio com a oportunidade conhecer especialistas do ramo, tecnologia, network, pr√™mios e ainda a possibilidade de montar toda uma estrutura para o sistema de dados e de sa√∫de do Brasil? Parece que o Programa de Inova√ß√£o √© perfeito para voc√™.üëÄ

Inscri√ß√µes at√© dia 11 de junho. https://t.co/00MgDw4pqU";2022-05-30 20:49:03+00:00;Etus Brasil
"iPhone 14: Confira o que deve mudar no novo smartphone da Apple (AAPL)

Siga-nos e fique sempre informado

#tecnologia #tecnol√≥gia #tecnolog√≠a #tecnologia

https://t.co/lF0oAWseMI";2022-05-30 20:49:01+00:00;tidomundo_app
"A pr√≥xima edi√ß√£o do nosso Happy Hour com Tecnologia e Inova√ß√£o ser√° em Belo Horizonte.¬†
Uma excelente oportunidade para conferir as principais novidades da SEIDOR e estar junto com quem est√° √† frente dos neg√≥cios!
¬†
Caso tenha inte‚Ä¶https://t.co/vLiNxQFftR https://t.co/0Od7gWw5t9";2022-05-30 20:48:44+00:00;LinkedIn
"A tecnologia √© uma poderosa ferramenta de difus√£o de troca de conhecimentos. 

Hoje, leciono aula digital on-line de Comunica√ß√£o, no MBA Gest√£o de Vendas. 

P√≥s-Gradua√ß√£o UNIP  

#MBA #Comunica√ß√£oVendas #Comunica√ß√£o #UNIP #P√ìS-UNIP #HomeClass https://t.co/yJHB9m5vz9";2022-05-30 20:48:37+00:00;LinkedIn
essa temporada de love death + robot foi tipo a sociedade est√° exagerando demais com a tecnologia tome aqui no final este c√≥digo qr que te leva a uma NFT;2022-05-30 20:48:37+00:00;Twitter for iPhone
4. Voc√™ vai ter a oportunidade de conversar com professores e colegas e expandir sua rede de contatos em Tecnologia.;2022-05-30 20:47:53+00:00;Twitter Web App
A tecnologia cinematogr√°fica est√° alcan√ßado patamares inexplic√°veis https://t.co/nMEayNnJXP;2022-05-30 20:47:50+00:00;Twitter for Android
"esperava: cantada 
recebi: pedido de conselho sobre tecnologia https://t.co/6LTKQiuRGh";2022-05-30 20:47:20+00:00;Twitter for iPhone
"RT @isabeelbrito: VAGA PRA ESTAGI√ÅRIO 

ADMINISTRA√á√ÉO OU CI√äNCIAS CONT√ÅBEIS 

Requisitos: comprometimento; facilidade em se comunicar; conh‚Ä¶";2022-05-30 20:47:03+00:00;Twitter for Android
Elon Musk poderia usar sua tecnologia de IA pra criar um rob√¥ do Vargas, ou En√©as, pra reviver o verdadeiro nacionalismo. https://t.co/ekgRvM8FrQ;2022-05-30 20:46:48+00:00;Twitter for Android
RT @jairbolsonaro: -Conversei h√° pouco com @elonmusk , que visita o Brasil a convite do Ministro @fabiofaria . Entre outros assuntos, trata‚Ä¶;2022-05-30 20:46:48+00:00;Twitter for Android
RT @etiene_d: Guardem isso: tecnologia pode mudar muita coisa mas n√£o muda a natureza humana.;2022-05-30 20:46:42+00:00;Twitter for Android
O mundo evoluiu tanto, a tecnologia chegou t√£o longe e ainda n inventaram uma capinha transparente que n fique amarela feia capenga mixuruca;2022-05-30 20:46:28+00:00;Twitter for Android
"Casa Branca investe em mais seguran√ßa digital

https://t.co/TryEfB2nnc

#ipnews #TI #tecnologia #inova√ß√£o   #seguran√ßadigital #tecnologia https://t.co/mixqAtzFUd";2022-05-30 20:46:09+00:00;Twitter Web App
A partir dessa nova tecnologia, os clientes poder√£o entender toda a cadeia de suprimentos, de ponta a ponta, com total visibilidade e possibilidade de criar rotas alternativas em caso de gargalos log√≠sticos.;2022-05-30 20:46:02+00:00;Twitter Web App
"Em sua s√©rie que conta todos os detalhes do metaverso, a Mobile Time destacou o posicionamento da NTT DATA sobre a nova tecnologia, segundo a empresa, em 2027 metade dos projetos j√° ser√£o voltados para o metaverso.

Veja abaixo:
https://t.co/S3rlzVlz2m

#NTTDATABrasil https://t.co/8uI1GyEphP";2022-05-30 20:45:02+00:00;Hootsuite Inc.
"Simples Nacional: termina amanh√£ prazo para regulariza√ß√£o de d√©bitos; veja o que fazer

#TimNews #Tecnologia #SimplesNacional #33giga 

https://t.co/ZfrJsqRkM0";2022-05-30 20:45:00+00:00;Twitter Web App
@mariste61740188 ü§îINTERESSANTE MESMO...e qual seria a tecnologia de escultura?;2022-05-30 20:44:58+00:00;Twitter for Android
RT @JaugustosRJ: Pessoal, eu resolvi dar um tempo no whats no face  e demais redes sociais, para me dedicar mais a minha vida e minha fam√≠l‚Ä¶;2022-05-30 20:44:54+00:00;Twitter for Android
"""Addie consegue esbo√ßar um sorriso melanc√≥lico.
‚Äî  Ele n√£o deturpou a tecnologia. Ele deturpou quem eu sou.""";2022-05-30 20:44:46+00:00;Twitter for Android
"RT @isabeelbrito: VAGA PRA ESTAGI√ÅRIO 

ADMINISTRA√á√ÉO OU CI√äNCIAS CONT√ÅBEIS 

Requisitos: comprometimento; facilidade em se comunicar; conh‚Ä¶";2022-05-30 20:44:40+00:00;Twitter for Android
"RT @olhardigital: A Hyundai anunciou que vai investir cerca de US$ 16,5 bilh√µes em carros el√©tricos at√© 2030 #OlharDigital 
https://t.co/OP‚Ä¶";2022-05-30 20:44:17+00:00;Twitter Web App
"Confira: https://t.co/JmOaTBfkzb

#grupoboticario #brasil #portugal #cosmetivo #higienepessoal #perfumaria #negocios #tecnologia #inova√ß√£o";2022-05-30 20:44:10+00:00;Twitter Web App
RT @minc_rj: EM DEFESA DA CI√äNCIA!Estive na UFRJ para discutir tecnologia. Sou professor de geografia da UFRJ e √© sempre bom estar l√°. Gran‚Ä¶;2022-05-30 20:44:01+00:00;Twitter Web App
"#3em1
Muitos brasileiros pode tomar SP como um Norte.
Afinal o brasileiro tem SP como exemplo na ind√∫stria, pecu√°ria, agricultura e tecnologia. https://t.co/KARy3KqcwT";2022-05-30 20:43:16+00:00;Twitter for Android
"RT @GeiserRalf: @Lucyloira2011 @Roberto35276583 √â essa tecnologia que o eleitor brasileiro est√° pedindo.
Processo simples e de f√°cil instal‚Ä¶";2022-05-30 20:42:18+00:00;Twitter for Android
A populariza√ß√£o do ve√≠culo impulsionou a ind√∫stria de autope√ßas e incentivou o governo americano a pavimentar ruas e avenidas. https://t.co/T5xjr2vlge;2022-05-30 20:41:42+00:00;Twitter Web App
"RT @olhaogab: Galerinha eu tenho criado nos √∫ltimos meses conte√∫dos de tecnologia e games l√° no tecoteco e to quase pegando 80k

Descobri q‚Ä¶";2022-05-30 20:41:31+00:00;Twitter Web App
Olha, parab√©ns √† LG por conseguir lan√ßar uma TV OLED (a melhor tecnologia de tela no Brasil) abaixo de 4 mil reais! Ficou show! https://t.co/67Yfhy8KWb;2022-05-30 20:41:16+00:00;Twitter Web App
"RT @SigaGazetaBR: Anatel diz que Elon Musk est√° ‚Äòinteressado‚Äô em ofertar internet em voos no Brasil 

https://t.co/guT9lmQoGL";2022-05-30 20:40:02+00:00;Twitter for Android
"Clube OP+ oferece descontos em escolas de neg√≥cios e tecnologia

https://t.co/OHSDtu0aTm";2022-05-30 20:40:00+00:00;TweetDeck
@Emiliogarofalon Eu com certeza escolheria Cosmovis√£o Crist√£ e tecnologia, pastor!;2022-05-30 20:39:48+00:00;Twitter for Android
@Emiliogarofalon Fiquei bem interessado na Cosmovis√£o Crist√£ e tecnologia;2022-05-30 20:39:06+00:00;Twitter Web App
Nosso evento dia 01 de agosto n√£o perca, com Co-Fundador da Mult Media Entretenimento, Murillo Henrique esse evento e sobre musica e tecnologia. https://t.co/znYbv2yARJ;2022-05-30 20:38:34+00:00;Twitter Web App
RT @SescTO: A Semana da Enfermagem aconteceu nos dias 17 e 18 de maio, com o tema ‚ÄúA Inova√ß√£o, Qualidade e Tecnologia no Cuidado‚Äù, com pale‚Ä¶;2022-05-30 20:38:28+00:00;Twitter Web App
RT @minc_rj: EM DEFESA DA CI√äNCIA!Estive na UFRJ para discutir tecnologia. Sou professor de geografia da UFRJ e √© sempre bom estar l√°. Gran‚Ä¶;2022-05-30 20:37:54+00:00;Twitter for Android
Os equipamentos permitir√£o o uso de Clusters, tecnologia fundamental para sistemas que dependem de disponibilidade e processamento imediato, como provedores de internet, sites e-commerce ou aplicativos que demandam alta disponibilidade e balanceamento de carga de forma escal√°vel.;2022-05-30 20:37:19+00:00;Twitter Web App
"A Hipocampus e a GrifoLabs, em prol da tecnologia para a educa√ß√£o, est√£o juntas em uma parceria exclusiva que se concentra na abertura de portais para experi√™ncias no metaverso.

‚úÖ Convidamos sua empresa para fazer uma experi√™ncia no metaverso conosco:
https://t.co/MvKPCnwk8y https://t.co/HynvHR6PeZ";2022-05-30 20:37:16+00:00;RD Station
"RT @isabeelbrito: VAGA PRA ESTAGI√ÅRIO 

ADMINISTRA√á√ÉO OU CI√äNCIAS CONT√ÅBEIS 

Requisitos: comprometimento; facilidade em se comunicar; conh‚Ä¶";2022-05-30 20:36:57+00:00;Twitter for iPhone
"@Emiliogarofalon Hoje eu ficaria com tecnologia
Amanh√£/na pr√≥xima aula... Diversidade √©tnica";2022-05-30 20:36:46+00:00;Twitter for Android
"RT @olhaogab: Galerinha eu tenho criado nos √∫ltimos meses conte√∫dos de tecnologia e games l√° no tecoteco e to quase pegando 80k

Descobri q‚Ä¶";2022-05-30 20:36:43+00:00;Twitter for Android
A Semana da Enfermagem aconteceu nos dias 17 e 18 de maio, com o tema ‚ÄúA Inova√ß√£o, Qualidade e Tecnologia no Cuidado‚Äù, com palestras e workshops nas unidades do Senac em Aragua√≠na, Gurupi e Palmas.  A entrada para a programa√ß√£o era 1 kg de alimento n√£o perec√≠vel.;2022-05-30 20:36:01+00:00;Twitter Web App
"RT @isabeelbrito: VAGA PRA ESTAGI√ÅRIO 

ADMINISTRA√á√ÉO OU CI√äNCIAS CONT√ÅBEIS 

Requisitos: comprometimento; facilidade em se comunicar; conh‚Ä¶";2022-05-30 20:35:53+00:00;Twitter for Android
RT @jairbolsonaro: -Conversei h√° pouco com @elonmusk , que visita o Brasil a convite do Ministro @fabiofaria . Entre outros assuntos, trata‚Ä¶;2022-05-30 20:35:15+00:00;Twitter for iPhone
"Recupere a sua juventude!Pele mais jovem e firme. DREAM COL√ÅGENO possui a tecnologia que
devolve a beleza da sua pele nas primeiras semanas de uso.Saiba mais sobre DREAM COL√ÅGENO
clicandoüëâhttps://t.co/LcgXplpRl0 #pele #cuidadoscomapele #peleperfeita #dreamcolageno https://t.co/elSjtR0D7L";2022-05-30 20:35:00+00:00;Twitter Web App
"RT @isabeelbrito: VAGA PRA ESTAGI√ÅRIO 

ADMINISTRA√á√ÉO OU CI√äNCIAS CONT√ÅBEIS 

Requisitos: comprometimento; facilidade em se comunicar; conh‚Ä¶";2022-05-30 20:34:12+00:00;Twitter for iPhone
"RT @revistaforum: Elei√ß√µes 2022 

DataF√≥rum: bolsonaristas divulgam a Marcha para Jesus como se fosse evento de apoio ao Presidente

Leia m‚Ä¶";2022-05-30 20:34:11+00:00;Twitter Web App
RT @Ricamconsult: A lista dos homens mais ricos do mundo reflete movimentos c√≠clicos da economia mundial. O √∫ltimo grande ciclo econ√¥mico,‚Ä¶;2022-05-30 20:33:38+00:00;Twitter for iPhone
RT @tarcisiogdf: Reindustrializar o estado de S√£o Paulo a partir da inova√ß√£o e da tecnologia, transformando a crise deixada pela pandemia e‚Ä¶;2022-05-30 20:33:37+00:00;Twitter for iPhone
Tecnologia ajuda professores a se dedicarem 30% mais aos¬†alunos https://t.co/cDf3SLonEr;2022-05-30 20:33:35+00:00;WordPress.com
@tio_do_zap @luannogs @izzynobre Nasci em 1999 e at√© 2010 n√£o era algo comum pra maioria das pessoas da minha idade. Na minha casa, como minha m√£e sempre foi f√£ de tecnologia, passamos a ter um computador em 2007. Internet era a radio, e mesmo assim n√£o se compara com o uso hoje, que √© bem mais intensivo.;2022-05-30 20:33:28+00:00;Twitter for Android
"Oportunidade de trabalho no grupo #VitaeBrasil passando pela sua timeline! üòç

Voc√™ sabe atuar como Analista de Suporte TI? Temos uma #vaga aberta na Vitae Brasil! üòÉ

https://t.co/pp0DTu0DWC

#Analista #Suporte #TI #Tecnologia #Programa√ß√£o #Vagas #Emprego #EmpregaSJC #VagasSJC";2022-05-30 20:33:21+00:00;Twitter Web App
@bombinhafaell tem o de tecnologia e agr o da kelly;2022-05-30 20:32:46+00:00;Twitter for iPhone
RT @CanadanoBrasil: Os melhores talentos continuam a construir suas carreiras no crescente setor de tecnologia do Canad√°. Quer se juntar a‚Ä¶;2022-05-30 20:31:52+00:00;Twitter for iPhone
RT @CNNBrasil: Os detritos do SW3 atingir√£o a atmosfera da Terra mais lentamente do que outras chuvas de meteoros e √© a velocidade com que‚Ä¶;2022-05-30 20:31:51+00:00;Twitter for Android
"RT @danielhe4rt: se eu pudesse tacar fogo em uma tecnologia essa com toda certeza seria o docker

puta que pariu cara que bagulho infernal‚Ä¶";2022-05-30 20:31:42+00:00;Twitter for Android
"#Noticias O BeReal √© uma rede social de origem francesa que tem feito sucesso recentemente. A plataforma pro√≠be filtros e permite apenas o compartilhamento de fotos espont√¢neas em tempo real.

Saiba mais!
https://t.co/gGpWh9w0un

#redesocial #bereal #semfiltro #tecnologia";2022-05-30 20:31:30+00:00;Twitter Web App
RT @minc_rj: EM DEFESA DA CI√äNCIA!Estive na UFRJ para discutir tecnologia. Sou professor de geografia da UFRJ e √© sempre bom estar l√°. Gran‚Ä¶;2022-05-30 20:31:21+00:00;Twitter for Android
"RT @GeiserRalf: @Glaucio07762112 @Fiuzafirmao2 √â essa tecnologia que o eleitor brasileiro est√° pedindo.
Processo simples e de f√°cil instala‚Ä¶";2022-05-30 20:31:17+00:00;Twitter for Android
